,Port1,Port2,Port3,Port4,Port5
20180415,"Index(['nexus', 'factom', 'populous', 'cryptonex', 'matrix-ai-network',
       'primas', 'crpt', 'wings', 'vibe', 'agrello-delta', 'rlc',
       'dynamic-trading-rights', 'atn', 'maker', 'cvcoin', 'bottos'],
      dtype='object')","Index(['fusion', 'credits', 'kyber-network', 'nano', 'syscoin', 'adx-net',
       'streamr-datacoin', 'stratis', 'bibox-token', 'ark', 'ren', 'ravencoin',
       'singularitynet', 'gifto', 'qash'],
      dtype='object')","Index(['wax', 'ormeus-coin', 'dash', 'waves', 'monero', 'enigma',
       'time-new-bank', 'komodo', 'ignis', 'nebulas-token', 'district0x',
       'nuls', 'all-sports', 'loom-network', '0x'],
      dtype='object')","Index(['suncontract', 'iota', 'bitcoin-cash', 'power-ledger', 'nem',
       'sirin-labs-token', 'quantstamp', 'crypto-com', 'stellar', 'ruff',
       'zcash', 'neblio', 'qlink', 'red-pulse', 'loopring'],
      dtype='object')","Index(['mithril', 'eos', 'ontology', 'bitcoin', 'cardano', 'neo', 'steem',
       'ethereum', 'ardor', 'truechain', 'litecoin', 'singulardtv',
       'high-performance-blockchain', 'polymath-network',
       'ripio-credit-network'],
      dtype='object')"
20180421,"Index(['singularitynet', 'ark', 'vibe', 'qash', 'factom', 'wings', 'ravencoin',
       'cryptonex', 'matrix-ai-network', 'crpt', 'bottos', 'primas', 'cvcoin',
       'maker', 'atn', 'dynamic-trading-rights'],
      dtype='object')","Index(['fusion', 'nebulas-token', 'loom-network', 'credits', 'nuls',
       'district0x', 'bibox-token', 'gifto', 'stratis', 'syscoin', 'rlc',
       'kyber-network', 'streamr-datacoin', 'ardor', 'ignis'],
      dtype='object')","Index(['high-performance-blockchain', 'neblio', 'loopring', 'nano', 'waves',
       'ren', 'red-pulse', 'time-new-bank', 'all-sports', 'power-ledger',
       'nexus', 'qlink', 'adx-net', 'enigma', 'komodo'],
      dtype='object')","Index(['populous', 'monero', 'polymath-network', 'ripio-credit-network', 'nem',
       'suncontract', 'dash', 'wax', 'quantstamp', 'zcash', 'ruff',
       'ormeus-coin', 'agrello-delta', 'sirin-labs-token', '0x'],
      dtype='object')","Index(['mithril', 'eos', 'crypto-com', 'bitcoin', 'cardano', 'ontology',
       'bitcoin-cash', 'ethereum', 'neo', 'steem', 'stellar', 'litecoin',
       'iota', 'truechain', 'singulardtv'],
      dtype='object')"
20180427,"Index(['qash', 'vibe', 'singularitynet', 'ignis', 'factom', 'crpt',
       'streamr-datacoin', 'wings', 'matrix-ai-network', 'ravencoin', 'primas',
       'cryptonex', 'cvcoin', 'maker', 'atn', 'dynamic-trading-rights'],
      dtype='object')","Index(['credits', 'polymath-network', 'nexus', 'bibox-token', 'syscoin',
       'komodo', 'enigma', 'loom-network', 'suncontract', 'rlc', 'fusion',
       'stratis', 'ark', 'ardor', 'bottos', 'singulardtv'],
      dtype='object')","Index(['zcash', 'all-sports', 'ripio-credit-network', 'time-new-bank',
       'educare', 'qlink', 'nano', 'waves', 'nuls', 'loopring', 'ren',
       'red-pulse', 'quantstamp', 'neblio', 'high-performance-blockchain'],
      dtype='object')","Index(['monero', 'populous', 'litecoin', 'truechain', 'nem', 'dash', 'ruff',
       'neo', 'wax', 'mixin', '0x', 'power-ledger', 'nebulas-token',
       'sirin-labs-token', 'agrello-delta', 'ormeus-coin'],
      dtype='object')","Index(['crypto-com', 'eos', 'mithril', 'bitcoin-cash', 'bitcoin', 'adx-net',
       'cardano', 'steem', 'district0x', 'ethereum', 'gifto', 'kyber-network',
       'stellar', 'ontology', 'iota'],
      dtype='object')"
20180503,"Index(['agrello-delta', 'nexus', 'factom', 'singularitynet', 'wings', 'komodo',
       'streamr-datacoin', 'matrix-ai-network', 'rlc', 'cryptonex', 'crpt',
       'atn', 'maker', 'dynamic-trading-rights', 'cvcoin', 'stakenet'],
      dtype='object')","Index(['qlink', 'ormeus-coin', 'qash', 'enigma', 'stratis', 'populous',
       'syscoin', 'high-performance-blockchain', 'nem', 'singulardtv', 'ark',
       'suncontract', 'ren', 'vibe', 'ardor', 'ravencoin'],
      dtype='object')","Index(['nuls', 'time-new-bank', 'mixin', 'dash', 'wax', 'ripio-credit-network',
       'nano', 'power-ledger', 'zcash', 'neblio', '0x', 'bibox-token',
       'quantstamp', 'fusion', 'polymath-network', 'credits'],
      dtype='object')","Index(['ethereum', 'bottos', 'nebulas-token', 'educare', 'iota',
       'loom-network', 'ruff', 'crypto-com', 'sirin-labs-token', 'litecoin',
       'monero', 'primas', 'red-pulse', 'stellar', 'loopring', 'waves'],
      dtype='object')","Index(['eos', 'bitcoin-cash', 'bitcoin', 'gifto', 'mithril', 'adx-net',
       'ontology', 'ignis', 'truechain', 'cardano', 'all-sports', 'steem',
       'cortex', 'district0x', 'neo', 'kyber-network'],
      dtype='object')"
20180509,"Index(['singularitynet', 'ark', 'vibe', 'nexus', 'komodo', 'wings', 'ardor',
       'mixin', 'rlc', 'crpt', 'cvcoin', 'streamr-datacoin', 'odem', 'maker',
       'stakenet', 'dynamic-trading-rights', 'atn'],
      dtype='object')","Index(['populous', 'ren', 'qlink', 'ripio-credit-network', 'matrix-ai-network',
       'ormeus-coin', 'suncontract', 'singulardtv', 'ravencoin',
       'power-ledger', 'nem', 'agrello-delta', 'adx-net', 'district0x',
       'factom', 'cryptonex'],
      dtype='object')","Index(['monero', 'nuls', 'neblio', 'polymath-network', 'crypto-com', 'dash',
       'bibox-token', 'quantstamp', 'zcash', 'high-performance-blockchain',
       'wax', 'stratis', 'credits', 'syscoin', 'qash', 'enigma'],
      dtype='object')","Index(['bottos', 'educare', 'litecoin', 'nebulas-token', '0x',
       'sirin-labs-token', 'steem', 'ruff', 'primas', 'fusion', 'red-pulse',
       'nano', 'time-new-bank', 'loopring', 'waves', 'stellar'],
      dtype='object')","Index(['eos', 'all-sports', 'truechain', 'gifto', 'ontology', 'mithril',
       'bitcoin-cash', 'bitcoin', 'ethereum', 'ignis', 'loom-network',
       'cardano', 'cortex', 'iota', 'neo', 'kyber-network'],
      dtype='object')"
20180515,"Index(['singulardtv', 'factom', 'cryptonex', 'ardor', 'ormeus-coin', 'qash',
       'vibe', 'maker', 'odem', 'wings', 'mixin', 'singularitynet', 'atn',
       'cvcoin', 'nexus', 'stakenet', 'dynamic-trading-rights'],
      dtype='object')","Index(['nem', 'stratis', 'steem', 'syscoin', 'agrello-delta',
       'ripio-credit-network', 'adx-net', 'ark', 'komodo', 'rlc', 'qlink',
       'district0x', 'ravencoin', 'power-ledger', 'crpt', 'red-pulse'],
      dtype='object')","Index(['dash', 'ren', 'neo', 'kyber-network', 'neblio', 'waves', 'monero',
       'quantstamp', 'loopring', 'streamr-datacoin', 'credits',
       'high-performance-blockchain', 'populous', 'suncontract', 'wax',
       'enigma'],
      dtype='object')","Index(['bibox-token', 'bottos', 'sirin-labs-token', 'fusion', 'stellar',
       'nebulas-token', 'polymath-network', 'cardano', 'crypto-com', 'nuls',
       'nano', 'ignis', 'time-new-bank', 'ruff', 'educare',
       'matrix-ai-network'],
      dtype='object')","Index(['truechain', 'all-sports', 'eos', 'bitcoin-cash', 'ethereum',
       'loom-network', 'bitcoin', 'zcash', 'ontology', 'iota', 'mithril',
       'primas', '0x', 'cortex', 'litecoin', 'gifto'],
      dtype='object')"
20180521,"Index(['wings', 'cryptonex', 'ormeus-coin', 'red-pulse', 'mixin', 'maker',
       'ravencoin', 'odem', 'ardor', 'singulardtv', 'stakenet', 'qash',
       'singularitynet', 'atn', 'cvcoin', 'nexus', 'dynamic-trading-rights'],
      dtype='object')","Index(['steem', 'ark', 'waves', 'suncontract', 'wax', 'komodo',
       'agrello-delta', 'nano', 'crpt', 'adx-net', 'bottos', 'ignis',
       'district0x', 'ripio-credit-network', 'factom', 'qlink', 'vibe'],
      dtype='object')","Index(['ren', 'kyber-network', 'time-new-bank', 'loom-network', 'neo',
       'streamr-datacoin', 'neblio', 'credits', 'nebulas-token', 'fusion',
       'high-performance-blockchain', 'monero', 'enigma', 'ruff', 'stratis',
       'nem'],
      dtype='object')","Index(['ontology', 'gifto', 'stellar', 'nuls', 'litecoin', 'polymath-network',
       'crypto-com', 'quantstamp', 'sirin-labs-token', 'cardano', 'loopring',
       'syscoin', 'power-ledger', 'dash', 'nexo', 'bnktothefuture',
       'matrix-ai-network'],
      dtype='object')","Index(['truechain', 'eos', 'zcash', 'bitcoin', 'cortex', 'bitcoin-cash',
       'mithril', 'bibox-token', 'educare', 'ethereum', 'primas', 'iota',
       'rlc', 'populous', '0x', 'all-sports'],
      dtype='object')"
20180527,"Index(['high-performance-blockchain', 'stakenet', 'mixin', 'cryptonex',
       'ormeus-coin', 'red-pulse', 'adx-net', 'qash', 'agrello-delta',
       'district0x', 'ravencoin', 'ignis', 'cvcoin', 'odem', 'maker', 'atn',
       'dynamic-trading-rights'],
      dtype='object')","Index(['credits', 'fusion', 'time-new-bank', 'stellar', 'suncontract', 'crpt',
       'wings', 'nano', 'loom-network', 'qlink', 'nexus', 'vibe',
       'ripio-credit-network', 'ark', 'komodo', 'singulardtv', 'ardor'],
      dtype='object')","Index(['crypto-com', 'singularitynet', 'nuls', 'matrix-ai-network', 'bottos',
       'neblio', 'waves', 'neo', 'bnktothefuture', 'enigma', 'nem', 'factom',
       'sirin-labs-token', 'streamr-datacoin', 'ruff', 'wax'],
      dtype='object')","Index(['litecoin', 'dash', 'quantstamp', 'ontology', 'iota', 'loopring',
       'syscoin', 'power-ledger', 'polymath-network', 'monero', 'steem',
       'nexo', 'nebulas-token', 'cardano', 'kyber-network', 'ren', 'stratis'],
      dtype='object')","Index(['eos', 'zcash', 'truechain', 'bitcoin', 'cortex', 'bitcoin-cash', '0x',
       'educare', 'bibox-token', 'rlc', 'populous', 'ethereum', 'mithril',
       'all-sports', 'primas', 'gifto'],
      dtype='object')"
20180602,"Index(['wax', 'ormeus-coin', 'red-pulse', 'stakenet', 'ravencoin', 'atn',
       'mixin', 'qash', 'komodo', 'adx-net', 'ark', 'vibe', 'ignis', 'syscoin',
       'maker', 'dynamic-trading-rights', 'odem'],
      dtype='object')","Index(['credits', 'wings', 'neblio', 'suncontract', 'sirin-labs-token',
       'gifto', 'quantstamp', 'ardor', 'crpt', 'agrello-delta', 'district0x',
       'loom-network', 'singulardtv', 'ripio-credit-network', 'ren',
       'cryptonex', 'power-ledger'],
      dtype='object')","Index(['loopring', 'stratis', 'bottos', 'fusion', 'nuls', 'nano',
       'bnktothefuture', 'matrix-ai-network', 'polymath-network', 'factom',
       'nem', 'qlink', 'enigma', 'crypto-com', 'streamr-datacoin',
       'time-new-bank'],
      dtype='object')","Index(['litecoin', 'kyber-network', 'ruff', 'mithril', 'dash', 'rlc',
       'populous', 'monero', 'neo', 'steem', 'stellar', 'nexo', 'primas',
       'nexus', 'singularitynet', 'waves', 'high-performance-blockchain'],
      dtype='object')","Index(['eos', 'bitcoin', 'cvcoin', 'truechain', '0x', 'all-sports',
       'bitcoin-cash', 'ethereum', 'iota', 'educare', 'cardano', 'cortex',
       'ontology', 'bibox-token', 'zcash', 'nebulas-token'],
      dtype='object')"
20180608,"Index(['atn', 'wax', 'factom', 'power-ledger', 'red-pulse',
       'matrix-ai-network', 'ark', 'syscoin', 'adx-net', 'ignis', 'qash',
       'komodo', 'singulardtv', 'odem', 'vibe', 'maker',
       'dynamic-trading-rights'],
      dtype='object')","Index(['bnktothefuture', 'loom-network', 'cryptonex', 'ardor', 'agrello-delta',
       'district0x', 'suncontract', 'wings', 'ripio-credit-network',
       'quantstamp', 'crpt', 'ren', 'primas', 'stakenet', 'stratis',
       'ravencoin'],
      dtype='object')","Index(['bottos', 'monero', 'populous', 'nano', 'nexo', 'nem',
       'polymath-network', 'streamr-datacoin', 'sirin-labs-token', 'nuls',
       'steem', 'time-new-bank', 'qlink', 'gifto', 'enigma', 'neblio',
       'credits'],
      dtype='object')","Index(['kyber-network', 'litecoin', 'mithril', 'nexus', 'rlc',
       'singularitynet', 'cortex', 'dash', 'neo', 'stellar',
       'high-performance-blockchain', 'fusion', 'waves', 'loopring',
       'ormeus-coin', 'crypto-com'],
      dtype='object')","Index(['eos', 'bitcoin', 'cvcoin', 'truechain', 'bitcoin-cash', 'all-sports',
       'iota', 'ethereum', 'ontology', 'cardano', 'educare', 'bibox-token',
       'nebulas-token', 'zcash', 'ruff', '0x'],
      dtype='object')"
20180614,"Index(['vibe', 'wax', 'ardor', 'qash', 'ark', 'power-ledger', 'red-pulse',
       'syscoin', 'adx-net', 'district0x', 'ravencoin', 'singulardtv', 'atn',
       'komodo', 'ignis', 'maker', 'dynamic-trading-rights'],
      dtype='object')","Index(['primas', 'rlc', 'matrix-ai-network', 'credits', 'cryptonex', 'wings',
       'quantstamp', 'bnktothefuture', 'ripio-credit-network', 'qlink',
       'stakenet', 'ren', 'stratis', 'steem', 'agrello-delta', 'factom'],
      dtype='object')","Index(['nano', 'fusion', 'crypto-com', 'high-performance-blockchain', 'monero',
       'time-new-bank', 'sirin-labs-token', 'nexo', 'nuls', 'populous',
       'suncontract', 'gifto', 'polymath-network', 'enigma', 'crpt', 'nem',
       'neblio'],
      dtype='object')","Index(['ruff', 'kyber-network', 'bottos', 'singularitynet', 'nebulas-token',
       'odem', 'dash', '0x', 'cortex', 'cardano', 'waves', 'nexus', 'loopring',
       'zcash', 'stellar', 'ormeus-coin'],
      dtype='object')","Index(['eos', 'cvcoin', 'bitcoin', 'truechain', 'bitcoin-cash', 'bibox-token',
       'iota', 'ontology', 'ethereum', 'all-sports', 'loom-network', 'educare',
       'streamr-datacoin', 'mithril', 'litecoin', 'neo'],
      dtype='object')"
20180620,"Index(['ren', 'stakenet', 'agrello-delta', 'steem', 'wax', 'power-ledger',
       'ark', 'adx-net', 'district0x', 'ravencoin', 'ardor', 'red-pulse',
       'maker', 'komodo', 'ignis', 'atn', 'dynamic-trading-rights'],
      dtype='object')","Index(['kyber-network', 'bnktothefuture', 'nem', 'polymath-network', 'wings',
       'credits', 'rlc', 'crypto-com', 'stratis', 'syscoin', 'singulardtv',
       'qlink', 'qash', 'quantstamp', 'cryptonex', 'vibe', 'factom'],
      dtype='object')","Index(['populous', 'stellar', 'singularitynet', 'cardano', 'loopring',
       'time-new-bank', 'nexus', 'ormeus-coin', 'crpt', 'matrix-ai-network',
       'cvcoin', 'suncontract', 'enigma', 'gifto', 'ruff', 'neblio'],
      dtype='object')","Index(['odem', 'neo', 'cortex', 'nexo', 'waves', 'nebulas-token', '0x', 'nano',
       'educare', 'monero', 'fusion', 'sirin-labs-token', 'nuls',
       'high-performance-blockchain', 'ripio-credit-network', 'primas',
       'zcash'],
      dtype='object')","Index(['eos', 'bitcoin', 'mithril', 'bibox-token', 'truechain', 'ethereum',
       'all-sports', 'loom-network', 'streamr-datacoin', 'ontology', 'iota',
       'litecoin', 'dash', 'bitcoin-cash', 'bottos', 'nkn'],
      dtype='object')"
20180626,"Index(['adx-net', 'power-ledger', 'crpt', 'ardor', 'cryptonex', 'credits',
       'district0x', 'ravencoin', 'steem', 'stakenet', 'ark', 'red-pulse',
       'komodo', 'ignis', 'maker', 'atn', 'dynamic-trading-rights'],
      dtype='object')","Index(['neblio', 'rlc', 'time-new-bank', 'ormeus-coin', 'polymath-network',
       'wings', 'stratis', 'syscoin', 'singulardtv', 'vibe', 'nexus', 'qlink',
       'factom', 'agrello-delta', 'quantstamp', 'wax', 'suncontract'],
      dtype='object')","Index(['nuls', 'cardano', 'singularitynet', 'nem', 'stellar', 'crypto-com',
       'bnktothefuture', 'kyber-network', 'sirin-labs-token', 'qash', 'odem',
       'ruff', 'gifto', 'ren', 'cvcoin', 'loopring'],
      dtype='object')","Index(['nebulas-token', 'enigma', 'waves', 'nexo', 'loom-network', 'educare',
       'nano', 'populous', '0x', 'high-performance-blockchain', 'fusion',
       'ripio-credit-network', 'bottos', 'zcash', 'nkn', 'primas',
       'matrix-ai-network'],
      dtype='object')","Index(['bitcoin', 'eos', 'streamr-datacoin', 'all-sports', 'mithril',
       'bibox-token', 'ethereum', 'cortex', 'truechain', 'ontology',
       'litecoin', 'neo', 'bitcoin-cash', 'dash', 'iota', 'monero'],
      dtype='object')"
20180702,"Index(['ark', 'red-pulse', 'agrello-delta', 'wings', 'crpt',
       'sirin-labs-token', 'ardor', 'vibe', 'ravencoin', 'komodo', 'credits',
       'stakenet', 'ignis', 'factom', 'maker', 'atn',
       'dynamic-trading-rights'],
      dtype='object')","Index(['ormeus-coin', 'quantstamp', 'qash', 'loopring', 'bottos', 'nuls',
       'qlink', 'nexo', 'ripio-credit-network', 'rlc', 'singularitynet',
       'syscoin', 'suncontract', 'nexus', 'adx-net', 'district0x',
       'singulardtv'],
      dtype='object')","Index(['bnktothefuture', 'fusion', 'neblio', 'polymath-network',
       'time-new-bank', 'educare', 'loom-network', 'matrix-ai-network',
       'primas', 'stratis', 'nkn', 'nano', 'odem', 'ruff', 'cryptonex',
       'stellar'],
      dtype='object')","Index(['populous', 'waves', '0x', 'monero', 'dash', 'iota', 'cardano', 'neo',
       'steem', 'enigma', 'cvcoin', 'high-performance-blockchain', 'wax',
       'kyber-network', 'zcash', 'gifto', 'nem'],
      dtype='object')","Index(['bitcoin', 'streamr-datacoin', 'eos', 'all-sports', 'power-ledger',
       'mithril', 'bibox-token', 'cortex', 'crypto-com', 'ethereum',
       'ontology', 'truechain', 'bitcoin-cash', 'litecoin', 'nebulas-token',
       'ren'],
      dtype='object')"
20180708,"Index(['ormeus-coin', 'wings', 'ravencoin', 'ruff', 'adx-net', 'enigma',
       'agrello-delta', 'rlc', 'credits', 'crpt', 'factom', 'komodo',
       'stakenet', 'vibe', 'atn', 'dynamic-trading-rights', 'maker'],
      dtype='object')","Index(['stratis', 'streamr-datacoin', 'sirin-labs-token', 'singulardtv',
       'qlink', 'nkn', 'loopring', 'red-pulse', 'nano', 'smartshare',
       'quantstamp', 'ark', 'bottos', 'singularitynet', 'nexo', 'suncontract',
       'constellation'],
      dtype='object')","Index(['polymath-network', 'zcash', 'district0x', 'cvcoin',
       'high-performance-blockchain', 'odem', 'bnktothefuture',
       'time-new-bank', 'qash', 'cryptonex', 'neblio', 'ardor', 'nuls',
       'stellar', 'nexus', 'fusion', 'ripio-credit-network'],
      dtype='object')","Index(['cardano', 'nebulas-token', 'nem', 'ren', 'iota', 'populous',
       'all-sports', 'litecoin', 'steem', 'dash', 'waves', 'monero', 'gifto',
       'matrix-ai-network', 'wax', 'kyber-network', 'ignis'],
      dtype='object')","Index(['syscoin', 'bitcoin', 'mithril', 'power-ledger', 'eos', 'neo',
       'crypto-com', 'cortex', 'ethereum', 'loom-network', 'ontology',
       'bitcoin-cash', 'bibox-token', '0x', 'truechain', 'primas', 'educare'],
      dtype='object')"
20180714,"Index(['ormeus-coin', 'ravencoin', 'atn', 'crpt', 'agrello-delta',
       'streamr-datacoin', 'rlc', 'adx-net', 'mixin', 'ruff', 'komodo',
       'factom', 'nexo', 'stakenet', 'vibe', 'cvcoin', 'maker',
       'dynamic-trading-rights'],
      dtype='object')","Index(['ripio-credit-network', 'singulardtv', 'neblio', 'qlink', 'waves',
       'ark', 'smartshare', 'red-pulse', 'ren', 'stratis', 'singularitynet',
       'nano', 'wings', 'credits', 'quantstamp', 'suncontract', 'enigma'],
      dtype='object')","Index(['nuls', 'constellation', 'fusion', 'kyber-network', 'polymath-network',
       'monero', 'wax', 'qash', 'time-new-bank', 'nexus', 'bnktothefuture',
       'ardor', 'sirin-labs-token', 'cryptonex', 'bottos', 'nkn', 'loopring'],
      dtype='object')","Index(['educare', 'bitcoin-cash', 'litecoin', 'nem', 'iota', 'nebulas-token',
       'dash', 'stellar', 'odem', 'gifto', 'populous', 'matrix-ai-network',
       'ignis', 'steem', 'all-sports', 'high-performance-blockchain',
       'district0x'],
      dtype='object')","Index(['syscoin', 'bitcoin', 'eos', 'neo', '0x', 'mithril', 'ethereum',
       'loom-network', 'cortex', 'truechain', 'zcash', 'power-ledger',
       'crypto-com', 'bibox-token', 'primas', 'ontology', 'cardano'],
      dtype='object')"
20180720,"Index(['mixin', 'time-new-bank', 'ripio-credit-network', 'streamr-datacoin',
       'rlc', 'komodo', 'singulardtv', 'adx-net', 'agrello-delta', 'factom',
       'district0x', 'ruff', 'stakenet', 'cvcoin', 'vibe', 'maker',
       'red-pulse', 'dynamic-trading-rights'],
      dtype='object')","Index(['nem', 'polymath-network', 'kyber-network', 'sirin-labs-token',
       'all-sports', 'wings', 'nexus', 'ark', 'qlink', 'atn', 'crpt',
       'cryptonex', 'syscoin', 'ravencoin', 'steem', 'qash', 'nexo',
       'quantstamp'],
      dtype='object')","Index(['primas', 'wax', 'educare', 'neblio', 'credits', 'bottos', 'stratis',
       'nano', 'waves', 'loopring', 'singularitynet', 'populous',
       'ormeus-coin', 'nkn', 'enigma', 'ren', 'pchain'],
      dtype='object')","Index(['nebulas-token', 'dash', 'crypto-com', 'suncontract', 'odem',
       'bibox-token', 'fusion', 'high-performance-blockchain',
       'bnktothefuture', 'loom-network', 'matrix-ai-network', 'iota',
       'constellation', 'pundi-x', 'nuls', 'ignis', 'smartshare', 'monero'],
      dtype='object')","Index(['bitcoin', 'ardor', 'eos', 'stellar', 'ethereum', 'mithril', '0x',
       'power-ledger', 'zcash', 'bitcoin-cash', 'cardano', 'gifto', 'ontology',
       'truechain', 'neo', 'cortex', 'litecoin'],
      dtype='object')"
20180726,"Index(['ripio-credit-network', 'qash', 'sirin-labs-token', 'district0x', 'atn',
       'pchain', 'ravencoin', 'mixin', 'rlc', 'streamr-datacoin', 'red-pulse',
       'agrello-delta', 'vibe', 'singulardtv', 'stakenet', 'cvcoin', 'maker',
       'dynamic-trading-rights'],
      dtype='object')","Index(['ren', 'nem', 'cryptonex', 'kyber-network', 'komodo', 'syscoin', 'nuls',
       'loopring', 'steem', 'ruff', 'qlink', 'wings', 'nexus', 'constellation',
       'time-new-bank', 'nexo', 'quantstamp', 'ark'],
      dtype='object')","Index(['waves', 'educare', 'monero', 'smartshare', 'crpt', 'neblio', 'nano',
       'stratis', 'wax', 'all-sports', 'credits', 'primas', 'populous',
       'bottos', 'singularitynet', 'factom', 'enigma'],
      dtype='object')","Index(['suncontract', 'crypto-com', 'ormeus-coin', 'litecoin', 'nkn', 'cortex',
       'ontology', 'truechain', 'nebulas-token', 'ignis', 'polymath-network',
       'iota', 'matrix-ai-network', 'high-performance-blockchain',
       'bnktothefuture', 'pundi-x', 'fusion', 'loom-network'],
      dtype='object')","Index(['bitcoin', 'ardor', 'mithril', 'stellar', 'adx-net', 'ethereum', '0x',
       'bitcoin-cash', 'cardano', 'zcash', 'eos', 'gifto', 'power-ledger',
       'odem', 'bibox-token', 'dash', 'neo'],
      dtype='object')"
20180801,"Index(['ravencoin', 'nexus', 'sirin-labs-token', 'mixin', 'vibe', 'qash',
       'red-pulse', 'pchain', 'bottos', 'wax', 'streamr-datacoin', 'cvcoin',
       'agrello-delta', 'singulardtv', 'stakenet', 'maker', 'atn',
       'dynamic-trading-rights'],
      dtype='object')","Index(['nexo', 'constellation', 'nuls', 'ruff', 'komodo', 'nem', 'ark',
       'kyber-network', 'syscoin', 'bnktothefuture', 'ripio-credit-network',
       'wings', 'enigma', 'steem', 'rlc', 'ren', 'time-new-bank',
       'quantstamp'],
      dtype='object')","Index(['power-ledger', 'high-performance-blockchain', 'nano', 'smartshare',
       'neblio', 'educare', 'crpt', 'qlink', 'credits', 'populous',
       'all-sports', 'cryptonex', 'singularitynet', 'loopring', 'factom',
       'suncontract', 'loom-network'],
      dtype='object')","Index(['litecoin', 'polymath-network', 'crypto-com', 'pundi-x', 'dash',
       'truechain', 'primas', 'iota', 'neo', 'matrix-ai-network', 'ignis',
       'ardor', 'fusion', 'monero', 'waves', 'nebulas-token', 'stratis',
       'cortex'],
      dtype='object')","Index(['bitcoin', 'mithril', 'adx-net', 'district0x', 'bibox-token', 'stellar',
       'bitcoin-cash', 'eos', 'ethereum', 'cardano', 'zcash', '0x', 'gifto',
       'odem', 'ormeus-coin', 'nkn', 'ontology'],
      dtype='object')"
20180807,"Index(['ren', 'pchain', 'vibe', 'wax', 'quantstamp', 'bottos',
       'sirin-labs-token', 'qash', 'nexus', 'cvcoin', 'ignis', 'red-pulse',
       'streamr-datacoin', 'agrello-delta', 'atn', 'maker', 'singulardtv',
       'dynamic-trading-rights'],
      dtype='object')","Index(['metronome', 'nexo', 'loom-network', 'crpt', 'wings',
       'ripio-credit-network', 'bnktothefuture', 'steem', 'nuls',
       'time-new-bank', 'ark', 'kyber-network', 'rlc', 'nem', 'enigma',
       'suncontract', 'mixin', 'factom'],
      dtype='object')","Index(['credits', 'smartshare', 'fusion', 'nano', 'ravencoin', 'qlink',
       'matrix-ai-network', 'stakenet', 'cryptonex', 'singularitynet',
       'power-ledger', 'high-performance-blockchain', 'ardor', 'constellation',
       'educare', 'ormeus-coin', 'syscoin', 'ruff'],
      dtype='object')","Index(['gifto', 'nebulas-token', 'pundi-x', 'cardano', 'waves', 'odem', 'dash',
       'neblio', 'monero', 'populous', 'crypto-com', 'komodo', 'loopring',
       'stratis', 'all-sports', 'neo', 'cortex', 'adx-net'],
      dtype='object')","Index(['bitcoin', 'mithril', 'district0x', 'bibox-token', 'iota', 'eos',
       'stellar', 'ethereum', 'bitcoin-cash', '0x', 'primas', 'truechain',
       'zcash', 'ontology', 'polymath-network', 'litecoin', 'nkn'],
      dtype='object')"
20180813,"Index(['ark', 'red-pulse', 'quantstamp', 'odem', 'pchain', 'ren', 'nexus',
       'factom', 'streamr-datacoin', 'cvcoin', 'maker', 'atn', 'mixin',
       'agrello-delta', 'singulardtv', 'vibe', 'dynamic-trading-rights',
       'metronome'],
      dtype='object')","Index(['ripio-credit-network', 'nem', 'nkn', 'bnktothefuture', 'steem',
       'adx-net', 'enigma', 'credits', 'qash', 'district0x', 'qlink', 'crpt',
       'wings', 'bottos', 'wax', 'suncontract', 'nexo', 'rlc'],
      dtype='object')","Index(['nano', 'stakenet', 'power-ledger', 'cortex', 'singularitynet',
       'cryptonex', 'ardor', 'ruff', 'ormeus-coin', 'educare', 'loom-network',
       'syscoin', 'time-new-bank', 'matrix-ai-network', 'sirin-labs-token',
       'constellation', 'smartshare', 'kyber-network'],
      dtype='object')","Index(['ignis', 'neo', 'cardano', 'nuls', 'dash', 'monero', 'populous',
       'all-sports', '0x', 'neblio', 'polymath-network',
       'high-performance-blockchain', 'loopring', 'komodo', 'crypto-com',
       'stratis', 'ravencoin', 'fusion'],
      dtype='object')","Index(['bitcoin', 'ethereum', 'eos', 'mithril', 'iota', 'stellar', 'truechain',
       'bibox-token', 'bitcoin-cash', 'pundi-x', 'zcash', 'litecoin',
       'ontology', 'waves', 'gifto', 'nebulas-token', 'primas'],
      dtype='object')"
20180819,"Index(['singularitynet', 'komodo', 'red-pulse', 'pchain', 'wings', 'steem',
       'streamr-datacoin', 'ren', 'maker', 'syscoin', 'cvcoin', 'atn', 'mixin',
       'rlc', 'singulardtv', 'metronome', 'vibe', 'agrello-delta',
       'dynamic-trading-rights'],
      dtype='object')","Index(['enigma', 'ripio-credit-network', 'smartshare', 'qash', 'nkn', 'neblio',
       'bottos', 'qlink', 'suncontract', 'wax', 'nexus', 'nexo', 'ark',
       'quantstamp', 'odem', 'stakenet', 'constellation', 'district0x'],
      dtype='object')","Index(['nem', 'crypto-com', 'kyber-network', 'sirin-labs-token',
       'loom-network', 'time-new-bank', 'ardor', 'credits', 'cryptonex',
       'educare', 'power-ledger', 'adx-net', 'ormeus-coin', 'stratis',
       'bnktothefuture', 'factom', 'crpt', 'bhp-coin'],
      dtype='object')","Index(['litecoin', 'pundi-x', 'bitcoin-cash', 'gifto', 'cardano', 'ignis',
       'ravencoin', 'nuls', 'waves', 'fusion', '0x', 'monero',
       'high-performance-blockchain', 'loopring', 'polymath-network', 'primas',
       'matrix-ai-network', 'ruff'],
      dtype='object')","Index(['bitcoin', 'ontology', 'vechain', 'eos', 'ethereum', 'cortex',
       'all-sports', 'truechain', 'nebulas-token', 'neo', 'dash', 'iota',
       'stellar', 'bibox-token', 'nano', 'mithril', 'zcash', 'populous'],
      dtype='object')"
20180825,"Index(['odem', 'district0x', 'ren', 'steem', 'ardor', 'singularitynet',
       'wings', 'agrello-delta', 'komodo', 'syscoin', 'maker', 'ignis',
       'cvcoin', 'stakenet', 'vibe', 'mixin', 'metronome', 'atn',
       'dynamic-trading-rights'],
      dtype='object')","Index(['crpt', 'seele', 'red-pulse', 'enigma', 'ripio-credit-network',
       'singulardtv', 'constellation', 'ormeus-coin', 'neblio', 'ark', 'qlink',
       'nexo', 'nexus', 'bottos', 'streamr-datacoin', 'wax', 'quantstamp',
       'suncontract'],
      dtype='object')","Index(['matrix-ai-network', 'ruff', 'qash', 'nem', 'credits', 'crypto-com',
       'rlc', 'loom-network', 'time-new-bank', 'educare', 'cryptonex',
       'stratis', 'bhp-coin', 'pchain', 'adx-net', 'smartshare',
       'sirin-labs-token', 'factom', 'power-ledger'],
      dtype='object')","Index(['gifto', 'litecoin', 'ravencoin', 'cardano', 'bnktothefuture', 'nuls',
       'pundi-x', 'mithril', 'fusion', 'nkn', 'waves', '0x', 'kyber-network',
       'monero', 'polymath-network', 'high-performance-blockchain', 'loopring',
       'primas'],
      dtype='object')","Index(['bitcoin', 'ontology', 'vechain', 'eos', 'cortex', 'ethereum',
       'all-sports', 'truechain', 'nebulas-token', 'nano', 'neo', 'dash',
       'bitcoin-cash', 'bibox-token', 'stellar', 'iota', 'populous', 'zcash'],
      dtype='object')"
20180831,"Index(['steem', 'cvcoin', 'singularitynet', 'agrello-delta', 'wings', 'bottos',
       'ardor', 'district0x', 'suncontract', 'atn', 'stakenet', 'odem', 'wax',
       'syscoin', 'ignis', 'mixin', 'maker', 'metronome',
       'dynamic-trading-rights'],
      dtype='object')","Index(['smartshare', 'stratis', 'ren', 'singulardtv', 'qlink', 'power-ledger',
       'ark', 'ravencoin', 'ripio-credit-network', 'crypto-com', 'adx-net',
       'factom', 'nexo', 'nexus', 'streamr-datacoin', 'neblio', 'vibe',
       'komodo'],
      dtype='object')","Index(['rlc', 'cryptonex', 'pchain', 'ruff', 'bhp-coin', 'enigma', 'loopring',
       'educare', 'credits', 'waves', 'polymath-network', 'constellation',
       'time-new-bank', 'red-pulse', 'sirin-labs-token', 'nem',
       'matrix-ai-network', 'crpt', 'seele'],
      dtype='object')","Index(['nuls', 'gifto', 'pundi-x', 'nkn', 'primas', 'monero', 'litecoin',
       'mithril', 'all-sports', 'kyber-network', 'cardano', '0x', 'qash',
       'populous', 'ormeus-coin', 'fusion', 'high-performance-blockchain',
       'quantstamp'],
      dtype='object')","Index(['bitcoin', 'dash', 'nano', 'ontology', 'eos', 'vechain', 'iota',
       'ethereum', 'truechain', 'neo', 'cortex', 'bitcoin-cash', 'zcash',
       'bibox-token', 'nebulas-token', 'stellar', 'loom-network',
       'bnktothefuture'],
      dtype='object')"
20180906,"Index(['factom', 'syscoin', 'singulardtv', 'streamr-datacoin', 'odem', 'atn',
       'metronome', 'singularitynet', 'district0x', 'stakenet', 'wings',
       'maker', 'wax', 'ardor', 'ignis', 'agrello-delta', 'stasis-euro',
       'mixin', 'dynamic-trading-rights'],
      dtype='object')","Index(['ren', 'educare', 'qlink', 'crpt', 'bnktothefuture',
       'ripio-credit-network', 'ravencoin', 'ark', 'nexus', 'neblio',
       'adx-net', 'suncontract', 'power-ledger', 'smartshare', 'vibe',
       'cvcoin', 'sirin-labs-token', 'nexo', 'red-pulse'],
      dtype='object')","Index(['gifto', 'nkn', 'rlc', 'matrix-ai-network', 'bhp-coin', 'enigma',
       'loopring', 'populous', 'komodo', 'fusion', 'steem', 'polymath-network',
       'high-performance-blockchain', 'waves', 'all-sports', 'constellation',
       'bottos', 'time-new-bank'],
      dtype='object')","Index(['truechain', 'litecoin', 'mithril', 'primas', 'stellar', 'cardano',
       '0x', 'cryptonex', 'qash', 'ormeus-coin', 'stratis', 'nem',
       'crypto-com', 'seele', 'credits', 'quantstamp', 'nebulas-token',
       'kyber-network', 'pchain'],
      dtype='object')","Index(['bitcoin', 'dash', 'nano', 'eos', 'ethereum', 'bitcoin-cash', 'iota',
       'ontology', 'neo', 'monero', 'vechain', 'pundi-x', 'ruff', 'cortex',
       'bibox-token', 'loom-network', 'zcash', 'nuls'],
      dtype='object')"
20180912,"Index(['smartshare', 'odem', 'educare', 'quantstamp', 'sirin-labs-token',
       'maker', 'rlc', 'wings', 'wax', 'ardor', 'ignis', 'agrello-delta',
       'mixin', 'nkn', 'atn', 'singularitynet', 'stakenet', 'stasis-euro',
       'dynamic-trading-rights'],
      dtype='object')","Index(['qlink', 'factom', 'ren', 'bnktothefuture', 'suncontract',
       'streamr-datacoin', 'ravencoin', 'qash', 'neblio', 'polymath-network',
       'vibe', 'constellation', 'ripio-credit-network', 'ark', 'syscoin',
       'district0x', 'nexo', 'red-pulse', 'singulardtv'],
      dtype='object')","Index(['cvcoin', 'matrix-ai-network', 'fusion', 'bhp-coin', 'steem',
       'kyber-network', 'populous', 'komodo', 'loopring', 'pchain',
       'power-ledger', 'enigma', 'adx-net', 'ormeus-coin', 'metronome',
       'nexus', 'high-performance-blockchain', 'time-new-bank'],
      dtype='object')","Index(['crypto-com', 'loom-network', 'nuls', 'cortex', 'iota', 'cardano',
       'all-sports', 'vechain', 'mithril', 'zcash', '0x', 'seele', 'nem',
       'cryptonex', 'bottos', 'credits', 'stratis', 'gifto', 'nebulas-token'],
      dtype='object')","Index(['bitcoin', 'ethereum', 'truechain', 'bitcoin-cash', 'dash', 'eos',
       'waves', 'ontology', 'monero', 'neo', 'bibox-token', 'ruff', 'primas',
       'nano', 'pundi-x', 'stellar', 'crpt', 'litecoin'],
      dtype='object')"
20180918,"Index(['ark', 'quantstamp', 'komodo', 'educare', 'odem', 'ravencoin',
       'syscoin', 'wax', 'constellation', 'wings', 'singularitynet', 'rlc',
       'ignis', 'bnktothefuture', 'suncontract', 'stakenet', 'mixin',
       'stasis-euro', 'dynamic-trading-rights'],
      dtype='object')","Index(['polymath-network', 'metronome', 'streamr-datacoin',
       'matrix-ai-network', 'sirin-labs-token', 'ardor', 'red-pulse', 'nexus',
       'enigma', 'qlink', 'qash', 'smartshare', 'district0x', 'factom', 'atn',
       'ren', 'nexo', 'neblio', 'nkn'],
      dtype='object')","Index(['populous', 'cvcoin', 'adx-net', 'mithril',
       'high-performance-blockchain', 'nem', 'bhp-coin', 'credits',
       'nebulas-token', 'kyber-network', 'ripio-credit-network', 'pchain',
       'fusion', 'cryptonex', 'stratis', 'nuls', 'maker', 'steem'],
      dtype='object')","Index(['cortex', 'gifto', 'crypto-com', 'agrello-delta', 'all-sports',
       'pundi-x', '0x', 'power-ledger', 'zcash', 'vechain', 'monero', 'iota',
       'loom-network', 'seele', 'ormeus-coin', 'loopring', 'ruff', 'bottos',
       'time-new-bank'],
      dtype='object')","Index(['ethereum', 'bitcoin', 'vibe', 'truechain', 'eos', 'dash', 'waves',
       'ontology', 'nano', 'primas', 'bibox-token', 'bitcoin-cash',
       'singulardtv', 'litecoin', 'stellar', 'crpt', 'cardano', 'neo'],
      dtype='object')"
20180924,"Index(['singularitynet', 'neblio', 'ark', 'factom', 'constellation', 'wings',
       'ren', 'qlink', 'odem', 'syscoin', 'ignis', 'bnktothefuture', 'komodo',
       'suncontract', 'stakenet', 'rlc', 'stasis-euro', 'mixin',
       'dynamic-trading-rights'],
      dtype='object')","Index(['zip', 'enigma', 'smartshare', 'pchain', 'bottos', 'district0x',
       'nexus', 'sirin-labs-token', 'wax', 'nuls', 'atn', 'ravencoin',
       'metronome', 'educare', 'stratis', 'matrix-ai-network', 'quantstamp',
       'qash', 'fusion'],
      dtype='object')","Index(['crpt', 'high-performance-blockchain', 'nem', 'pundi-x', 'nkn',
       'red-pulse', 'adx-net', 'seele', 'bhp-coin', 'maker', 'nebulas-token',
       'all-sports', 'polymath-network', 'ardor', 'credits', 'nexo',
       'cryptonex', 'streamr-datacoin', 'kyber-network'],
      dtype='object')","Index(['power-ledger', 'waves', 'mithril', 'vechain', 'monero', 'ruff', 'neo',
       'steem', 'ormeus-coin', 'thingschain', 'iota', 'cortex', 'loopring',
       'loom-network', '0x', 'time-new-bank', 'populous', 'cvcoin',
       'crypto-com'],
      dtype='object')","Index(['bitcoin', 'ethereum', 'vibe', 'stellar', 'eos', 'ripio-credit-network',
       'truechain', 'nano', 'cardano', 'primas', 'litecoin', 'bitcoin-cash',
       'singulardtv', 'dash', 'bibox-token', 'zcash', 'ontology',
       'agrello-delta', 'gifto'],
      dtype='object')"
20180930,"Index(['ignis', 'syscoin', 'sirin-labs-token', 'bnktothefuture', 'wings',
       'suncontract', 'odem', 'ren', 'rlc', 'stasis-euro', 'neblio', 'ark',
       'komodo', 'qlink', 'factom', 'dynamic-trading-rights', 'mixin',
       'stakenet', 'metronome'],
      dtype='object')","Index(['maker', 'all-sports', 'adx-net', 'stratis', 'nexus', 'kyber-network',
       'district0x', 'seele', 'nebulas-token', 'constellation', 'bottos',
       'cvcoin', 'qash', 'pchain', 'ravencoin', 'educare', 'wax', 'fusion',
       'quantstamp'],
      dtype='object')","Index(['nkn', 'cortex', 'matrix-ai-network', 'nem', 'loom-network',
       'red-pulse', 'cryptonex', 'crypto-com', 'credits', 'atn', 'ormeus-coin',
       'populous', 'enigma', 'pundi-x', 'singularitynet', 'polymath-network',
       'high-performance-blockchain', 'time-new-bank', 'nuls'],
      dtype='object')","Index(['waves', 'steem', 'mithril', 'nano', 'neo', 'iota', 'ruff', '0x',
       'bhp-coin', 'gifto', 'monero', 'thingschain', 'crpt', 'power-ledger',
       'vechain', 'nexo', 'singulardtv', 'loopring', 'ardor'],
      dtype='object')","Index(['bitcoin', 'bitcoin-cash', 'ethereum', 'stellar', 'vibe', 'eos',
       'ripio-credit-network', 'primas', 'zcash', 'litecoin',
       'streamr-datacoin', 'cardano', 'dash', 'zip', 'agrello-delta',
       'truechain', 'ontology', 'bibox-token', 'smartshare'],
      dtype='object')"
20181006,"Index(['neblio', 'fusion', 'blue-whale-exchange', 'qash', 'qlink', 'ren',
       'nexus', 'singulardtv', 'thorecoin', 'rlc', 'district0x', 'komodo',
       'dynamic-trading-rights', 'ark', 'suncontract', 'stasis-euro', 'wax',
       'factom', 'odem', 'mixin'],
      dtype='object')","Index(['power-ledger', 'crypto-com', 'nuls', 'enigma', 'bottos', 'stratis',
       'ravencoin', 'kyber-network', 'quantstamp', 'syscoin', 'credits',
       'wings', 'pchain', 'educare', 'populous', 'bnktothefuture', 'ignis',
       'red-pulse', 'metronome'],
      dtype='object')","Index(['matrix-ai-network', 'ardor', 'cvcoin', 'pundi-x', 'atn', 'ormeus-coin',
       'nkn', 'cryptonex', 'vechain', 'singularitynet', 'maker', 'stakenet',
       'adx-net', 'polymath-network', 'high-performance-blockchain',
       'ripio-credit-network', 'constellation', 'nano', 'time-new-bank',
       'seele'],
      dtype='object')","Index(['bibox-token', 'vibe', 'steem', 'neo', 'waves', '0x',
       'sirin-labs-token', 'crpt', 'loopring', 'bhp-coin', 'mithril',
       'loom-network', 'iota', 'all-sports', 'nem', 'monero', 'thingschain',
       'gifto', 'ruff'],
      dtype='object')","Index(['bitcoin-cash', 'bitcoin', 'stellar', 'ethereum', 'primas', 'zcash',
       'zip', 'eos', 'streamr-datacoin', 'litecoin', 'agrello-delta',
       'cardano', 'dash', 'cortex', 'nexo', 'smartshare', 'nebulas-token',
       'ontology', 'truechain'],
      dtype='object')"
20181012,"Index(['stasis-euro', 'constellation', 'syscoin', 'rlc', 'fusion', 'educare',
       'metronome', 'stratis', 'ark', 'komodo', 'singulardtv', 'ren', 'nexus',
       'thorecoin', 'factom', 'suncontract', 'wax', 'odem', 'mixin',
       'dynamic-trading-rights'],
      dtype='object')","Index(['ardor', 'atn', 'stakenet', 'enigma', 'high-performance-blockchain',
       'credits', 'seele', 'ignis', 'red-pulse', 'crypto-com', 'waves', 'nuls',
       'bottos', 'kyber-network', 'quantstamp', 'neblio', 'bnktothefuture',
       'pchain', 'wings'],
      dtype='object')","Index(['district0x', 'bhp-coin', 'crpt', 'nkn', 'qlink', 'cryptonex',
       'time-new-bank', 'vechain', 'cvcoin', 'vibe', 'mithril', 'qash',
       'ormeus-coin', 'steem', 'ripio-credit-network', 'nano',
       'singularitynet', 'populous', 'matrix-ai-network',
       'blue-whale-exchange'],
      dtype='object')","Index(['bibox-token', 'adx-net', 'maker', 'cardano', 'iota', 'truechain',
       'loopring', 'thingschain', 'sirin-labs-token', 'all-sports', 'dash',
       'stellar', 'pundi-x', 'monero', 'nem', 'ruff', 'smartshare',
       'polymath-network', 'power-ledger'],
      dtype='object')","Index(['bitcoin', 'ethereum', 'primas', 'agrello-delta', 'zip', '0x',
       'bitcoin-cash', 'streamr-datacoin', 'ravencoin', 'eos', 'loom-network',
       'nebulas-token', 'gifto', 'cortex', 'nexo', 'zcash', 'litecoin', 'neo',
       'ontology'],
      dtype='object')"
20181018,"Index(['neblio', 'stasis-euro', 'crypto-com', 'suncontract', 'fusion', 'wax',
       'bnktothefuture', 'nexus', 'stratis', 'bottos', 'syscoin', 'stakenet',
       'metronome', 'factom', 'constellation', 'thorecoin', 'ren', 'odem',
       'mixin', 'dynamic-trading-rights'],
      dtype='object')","Index(['ormeus-coin', 'steem', 'populous', 'blue-whale-exchange', 'ardor',
       'seele', 'rlc', 'atn', 'educare', 'enigma', 'red-pulse', 'cortex',
       'crpt', 'ignis', 'cvcoin', 'nuls', 'nem', 'waves', 'ark'],
      dtype='object')","Index(['nexo', 'streamr-datacoin', 'monero', 'district0x', 'ruff', 'loopring',
       'nkn', 'qlink', 'wings', 'cryptonex', 'vibe', 'credits', 'qash',
       'high-performance-blockchain', 'ripio-credit-network', 'vechain',
       'pchain', 'matrix-ai-network', 'all-sports', 'kyber-network'],
      dtype='object')","Index(['dash', 'polymath-network', 'cardano', 'adx-net', 'ontology', 'iota',
       'maker', 'thingschain', 'sirin-labs-token', 'bibox-token', 'truechain',
       'pundi-x', 'nano', 'mithril', 'bhp-coin', 'smartshare', 'power-ledger',
       'komodo', 'time-new-bank'],
      dtype='object')","Index(['bitcoin', 'ethereum', '0x', 'ravencoin', 'agrello-delta', 'primas',
       'loom-network', 'bitcoin-cash', 'gifto', 'quantstamp', 'eos',
       'nebulas-token', 'zcash', 'neo', 'singularitynet', 'stellar',
       'litecoin', 'zip', 'singulardtv'],
      dtype='object')"
20181024,"Index(['qlink', 'maker', 'nuls', 'ark', 'suncontract', 'stasis-euro',
       'syscoin', 'all-sports', 'populous', 'nexus', 'bottos', 'metronome',
       'constellation', 'dynamic-trading-rights', 'ren', 'odem', 'factom',
       'atn', 'thorecoin', 'mixin'],
      dtype='object')","Index(['monero', 'cryptonex', 'blue-whale-exchange', 'kyber-network',
       'power-ledger', 'nem', 'loopring', 'district0x', 'vibe', 'ardor',
       'steem', 'fusion', 'stakenet', 'ormeus-coin', 'sirin-labs-token',
       'stratis', 'enigma', 'ignis', 'waves', 'bnktothefuture'],
      dtype='object')","Index(['cortex', 'matrix-ai-network', 'komodo', 'streamr-datacoin', 'nkn',
       'wax', 'truechain', 'red-pulse', 'wings', 'crpt', 'neblio', 'pchain',
       'safeinsure', 'qash', 'smartshare', 'ruff', 'rlc',
       'high-performance-blockchain', 'ripio-credit-network'],
      dtype='object')","Index(['singulardtv', 'gifto', 'cvcoin', 'polymath-network', 'credits', 'nexo',
       'adx-net', 'bibox-token', 'cardano', 'nebulas-token', 'nano', 'iota',
       'thingschain', 'bhp-coin', 'zip', 'mithril', 'vechain', 'seele',
       'time-new-bank', 'ontology'],
      dtype='object')","Index(['ravencoin', 'bitcoin', 'ethereum', 'educare', '0x', 'crypto-com',
       'bitcoin-cash', 'primas', 'quantstamp', 'zcash', 'eos', 'neo',
       'litecoin', 'pundi-x', 'singularitynet', 'stellar', 'dash',
       'loom-network', 'agrello-delta'],
      dtype='object')"
20181030,"Index(['steem', 'populous', 'ren', 'dynamic-trading-rights', 'metronome',
       'qlink', 'ruff', 'nuls', 'ardor', 'factom',
       'high-performance-blockchain', 'thorecoin', 'suncontract', 'qash',
       'bottos', 'stasis-euro', 'constellation', 'atn', 'ignis', 'mixin'],
      dtype='object')","Index(['snetwork', 'loopring', 'loom-network', 'district0x', 'all-sports',
       'quantstamp', 'streamr-datacoin', 'wings', 'singulardtv', 'vibe',
       'fusion', 'stakenet', 'waves', 'agrello-delta', 'bnktothefuture', 'ark',
       'enigma', 'maker', 'syscoin', 'blue-whale-exchange'],
      dtype='object')","Index(['wax', 'crpt', 'ontology', 'power-ledger', 'singularitynet',
       'safeinsure', 'truechain', 'nexus', 'cryptonex', 'nebulas-token',
       'pchain', 'cardano', 'mithril', 'smartshare', 'iota', 'odem', 'nem',
       'ormeus-coin', 'rlc', 'monero'],
      dtype='object')","Index(['neo', 'credits', 'thingschain', 'eos', 'litecoin', 'bitcoin-cash',
       'bibox-token', 'adx-net', 'nano', 'gifto', 'matrix-ai-network',
       'vechain', 'time-new-bank', 'nkn', 'sirin-labs-token', 'komodo', 'zip',
       'cortex', 'seele', 'bhp-coin'],
      dtype='object')","Index(['red-pulse', 'ravencoin', 'educare', 'bitcoin', '0x', 'crypto-com',
       'primas', 'zcash', 'nexo', 'ripio-credit-network', 'polymath-network',
       'pundi-x', 'neblio', 'kyber-network', 'ethereum', 'cvcoin', 'stellar',
       'stratis', 'dash'],
      dtype='object')"
20181105,"Index(['wax', 'metronome', 'blue-whale-exchange', 'seele', 'maker', 'qlink',
       'syscoin', 'dynamic-trading-rights', 'bottos', 'factom',
       'high-performance-blockchain', 'thorecoin', 'atn', 'qash', 'stakenet',
       'stasis-euro', 'suncontract', 'constellation', 'ignis', 'mixin',
       'travala'],
      dtype='object')","Index(['iota', 'loom-network', 'vibe', 'waves', 'all-sports', 'nem', 'wings',
       'fusion', 'populous', 'ren', 'nuls', 'bnktothefuture', 'adx-net',
       'educare', 'pchain', 'steem', 'ardor', 'ark', 'enigma', 'cortex'],
      dtype='object')","Index(['safeinsure', 'singularitynet', 'cardano', 'ontology',
       'matrix-ai-network', 'mithril', 'nebulas-token', 'rlc', 'nexus', 'odem',
       'komodo', 'nano', 'zip', 'ruff', 'loopring', 'singulardtv', 'monero',
       'crpt', 'snetwork', 'quantstamp'],
      dtype='object')","Index(['neo', '0x', 'thingschain', 'sirin-labs-token', 'gifto',
       'agrello-delta', 'vechain', 'credits', 'time-new-bank',
       'streamr-datacoin', 'stellar', 'bibox-token', 'crypto-com',
       'smartshare', 'insight-chain', 'power-ledger', 'cryptonex', 'truechain',
       'bhp-coin', 'cvcoin'],
      dtype='object')","Index(['red-pulse', 'bitcoin-cash', 'ravencoin', 'bitcoin', 'ormeus-coin',
       'primas', 'district0x', 'ripio-credit-network', 'zcash',
       'kyber-network', 'nexo', 'neblio', 'pundi-x', 'ethereum', 'litecoin',
       'nkn', 'dash', 'stratis', 'polymath-network', 'eos'],
      dtype='object')"
20181111,"Index(['high-performance-blockchain', 'bnktothefuture', 'komodo',
       'blue-whale-exchange', 'ark', 'maker', 'thorecoin', 'constellation',
       'syscoin', 'atn', 'travala', 'stasis-euro', 'nexus', 'suncontract',
       'snetwork', 'all-sports', 'factom', 'mixin', 'ignis', 'stakenet',
       'dynamic-trading-rights'],
      dtype='object')","Index(['populous', 'qlink', 'vibe', 'educare', 'loom-network', 'ren', 'pchain',
       'fusion', 'steem', 'stratis', 'ardor', 'nuls', 'adx-net', 'nem',
       'cortex', 'qash', 'metronome', 'crypto-com', 'seele', 'enigma'],
      dtype='object')","Index(['nebulas-token', 'matrix-ai-network', 'neblio', 'singularitynet', 'wax',
       'singulardtv', 'odem', 'vechain', 'ripio-credit-network', 'nano',
       'safeinsure', 'monero', 'crpt', 'rlc', 'waves', 'iota', 'loopring',
       'zip', 'bottos', 'quantstamp'],
      dtype='object')","Index(['agrello-delta', 'gifto', 'smartshare', 'primas', 'thingschain',
       'cryptonex', 'streamr-datacoin', 'nexo', 'cardano', 'bibox-token',
       'credits', 'kyber-network', 'mithril', 'truechain', 'ruff', 'bhp-coin',
       'ontology', 'cvcoin', 'power-ledger', 'time-new-bank'],
      dtype='object')","Index(['bitcoin-cash', 'bitcoin', 'ravencoin', 'ormeus-coin', 'zcash',
       'sirin-labs-token', 'wings', 'red-pulse', 'pundi-x', 'district0x',
       'litecoin', 'eos', 'stellar', 'insight-chain', 'dash', 'nkn', 'neo',
       'ethereum', 'polymath-network', '0x'],
      dtype='object')"
20181117,"Index(['enigma', 'neblio', 'steem', 'komodo', 'seele', 'all-sports',
       'blue-whale-exchange', 'constellation', 'snetwork', 'bnktothefuture',
       'syscoin', 'travala', 'metronome', 'suncontract', 'stakenet', 'ignis',
       'thorecoin', 'atn', 'mixin', 'dynamic-trading-rights'],
      dtype='object')","Index(['qash', 'pchain', 'singulardtv', 'populous', 'educare', 'maker',
       'fusion', 'quantstamp', 'agrello-delta', 'stratis', 'nano',
       'stasis-euro', 'high-performance-blockchain', 'vibe', 'ardor', 'rlc',
       'adx-net', 'nexus', 'ren', 'ark'],
      dtype='object')","Index(['time-new-bank', 'credits', 'bottos', 'bibox-token',
       'ripio-credit-network', 'crypto-com', 'iota', 'power-ledger', 'crpt',
       'cortex', 'streamr-datacoin', 'nuls', 'kyber-network', 'zip',
       'loopring', 'qlink', 'district0x', 'waves', 'loom-network',
       'safeinsure'],
      dtype='object')","Index(['smartshare', 'gifto', 'cardano', '0x', 'truechain', 'mithril',
       'polymath-network', 'ontology', 'cryptonex', 'nexo', 'wax',
       'singularitynet', 'ruff', 'vechain', 'odem', 'monero', 'cvcoin',
       'matrix-ai-network', 'nebulas-token', 'primas'],
      dtype='object')","Index(['bitcoin-cash', 'bitcoin', 'insight-chain', 'nem', 'zcash',
       'sirin-labs-token', 'litecoin', 'eos', 'ethereum', 'stellar', 'wings',
       'ormeus-coin', 'red-pulse', 'ravencoin', 'dash', 'pundi-x', 'neo',
       'nkn', 'bhp-coin', 'factom'],
      dtype='object')"
20181123,"Index(['pchain', 'singulardtv', 'rlc', 'neblio', 'educare', 'ren', 'snetwork',
       'blue-whale-exchange', 'komodo', 'ruff', 'stakenet', 'metronome',
       'suncontract', 'ignis', 'bnktothefuture', 'constellation', 'travala',
       'mixin', 'thorecoin', 'dynamic-trading-rights'],
      dtype='object')","Index(['loopring', 'streamr-datacoin', 'all-sports', 'ripio-credit-network',
       'waves', 'stratis', 'credits', 'wings', 'time-new-bank', 'nkn',
       'high-performance-blockchain', 'agrello-delta', 'zip', 'seele', 'steem',
       'atn', 'quantstamp', 'adx-net', 'safeinsure', 'vibe'],
      dtype='object')","Index(['nano', 'cortex', 'ormeus-coin', 'nebulas-token', 'cvcoin', 'qash',
       'singularitynet', 'power-ledger', 'ardor', 'stasis-euro', 'wax',
       'qlink', 'populous', 'syscoin', 'district0x', 'matrix-ai-network',
       'crpt', 'loom-network', 'kyber-network', 'nexus'],
      dtype='object')","Index(['mithril', 'bibox-token', 'ontology', 'vechain', 'enigma', 'smartshare',
       'odem', 'nexo', 'monero', 'maker', 'ark', 'cardano', 'truechain',
       'iota', 'cryptonex', 'fusion', 'primas', 'polymath-network', 'bottos',
       'crypto-com'],
      dtype='object')","Index(['bitcoin-cash', 'bitcoin', 'insight-chain', 'ethereum', 'nem', 'eos',
       'dash', 'factom', 'neo', 'stellar', 'zcash', 'litecoin', 'ravencoin',
       'nuls', 'red-pulse', 'sirin-labs-token', 'bhp-coin', 'gifto', '0x',
       'pundi-x'],
      dtype='object')"
20181129,"Index(['safeinsure', 'pchain', 'singulardtv', 'credits', 'quantstamp',
       'snetwork', 'cvcoin', 'kcash', 'metronome', 'ren', 'travala', 'komodo',
       'suncontract', 'ignis', 'stakenet', 'bnktothefuture', 'constellation',
       'mixin', 'thorecoin', 'dynamic-trading-rights'],
      dtype='object')","Index(['seele', 'district0x', 'kyber-network', 'all-sports', 'adx-net',
       'agrello-delta', 'loopring', 'high-performance-blockchain', 'steem',
       'nkn', 'singularitynet', 'streamr-datacoin', 'atn', 'ruff',
       'time-new-bank', 'wax', 'educare', 'vibe', 'neblio', 'wings'],
      dtype='object')","Index(['smartshare', 'nano', 'zip', 'primas', 'bottos', 'qash', 'cryptonex',
       'ormeus-coin', 'ardor', 'loom-network', 'populous', 'stasis-euro',
       'qlink', 'matrix-ai-network', 'crpt', 'power-ledger', 'syscoin',
       'ripio-credit-network', 'stratis', 'waves'],
      dtype='object')","Index(['rlc', 'cardano', 'vechain', 'monero', 'bibox-token', 'odem', 'nem',
       'mithril', 'enigma', 'nebulas-token', 'red-pulse', 'nexo', 'ark',
       'maker', 'polymath-network', 'crypto-com', 'iota', 'pundi-x',
       'bhp-coin', 'fusion'],
      dtype='object')","Index(['truechain', 'bitcoin', 'bitcoin-cash', 'eos', 'ethereum',
       'insight-chain', 'litecoin', 'dash', 'zcash', 'neo', 'factom',
       'sirin-labs-token', 'stellar', 'ravencoin', 'cortex', 'ontology',
       'nuls', '0x', 'nexus', 'gifto'],
      dtype='object')"
20181205,"Index(['singulardtv', 'safeinsure', 'syscoin', 'loopring', 'wax', 'neblio',
       'constellation', 'educare', 'quantstamp', 'ignis', 'travala',
       'thorecoin', 'suncontract', 'snetwork', 'ren', 'atn', 'stakenet',
       'bnktothefuture', 'metronome', 'mixin', 'dynamic-trading-rights'],
      dtype='object')","Index(['smartshare', 'stasis-euro', 'qash', 'credits', 'nano',
       'streamr-datacoin', 'maker', 'bottos', 'agrello-delta', 'crpt', 'ardor',
       'district0x', 'ruff', 'cvcoin', 'all-sports', 'time-new-bank', 'nkn',
       'pchain', 'high-performance-blockchain', 'kcash'],
      dtype='object')","Index(['ormeus-coin', 'cryptonex', 'crypto-com', 'zip', 'singularitynet',
       'fusion', 'power-ledger', 'iota', 'pundi-x', 'loom-network', 'howdoo',
       'vibe', 'enigma', 'komodo', 'ripio-credit-network', 'fantom', 'steem',
       'wings', 'matrix-ai-network', 'seele', 'populous'],
      dtype='object')","Index(['kyber-network', 'gifto', '0x', 'bibox-token', 'stratis', 'factom',
       'cardano', 'nem', 'monero', 'nexo', 'qlink', 'nebulas-token', 'vechain',
       'nuls', 'red-pulse', 'primas', 'ark', 'bhp-coin', 'polymath-network',
       'odem'],
      dtype='object')","Index(['truechain', 'waves', 'eos', 'bitcoin', 'zcash', 'ethereum', 'adx-net',
       'sirin-labs-token', 'litecoin', 'bitcoin-cash', 'neo', 'insight-chain',
       'mithril', 'dash', 'stellar', 'cortex', 'ravencoin', 'ontology',
       'nexus', 'rlc'],
      dtype='object')"
20181211,"Index(['bibox-token', 'constellation', 'ark', 'ignis', 'enigma', 'pchain',
       'thorecoin', 'neblio', 'quantstamp', 'suncontract', 'snetwork', 'ardor',
       'metronome', 'educare', 'syscoin', 'bnktothefuture', 'stakenet',
       'travala', 'atn', 'mixin', 'dynamic-trading-rights'],
      dtype='object')","Index(['streamr-datacoin', 'agrello-delta', 'seele', 'fusion', 'qash',
       'bottos', 'ruff', 'time-new-bank', 'maker',
       'high-performance-blockchain', 'stasis-euro', 'rlc', 'nkn', 'cvcoin',
       'safeinsure', 'all-sports', 'nano', 'kcash', 'wax', 'singulardtv'],
      dtype='object')","Index(['loopring', 'power-ledger', 'crypto-com', 'red-pulse', 'odem',
       'smartshare', 'credits', 'howdoo', 'pundi-x', 'vibe', 'komodo',
       'ripio-credit-network', 'crpt', 'iota', 'wings', 'steem', 'populous',
       'matrix-ai-network', 'fantom', 'insight-chain', 'zip'],
      dtype='object')","Index(['ontology', 'kyber-network', 'district0x', '0x', 'nexo', 'gifto',
       'stratis', 'ravencoin', 'cardano', 'polymath-network', 'qlink',
       'vechain', 'nebulas-token', 'loom-network', 'nem', 'monero',
       'cryptonex', 'ormeus-coin', 'nuls', 'singularitynet'],
      dtype='object')","Index(['truechain', 'eos', 'bitcoin-sv', 'waves', 'bitcoin', 'ethereum',
       'zcash', 'adx-net', 'dash', 'litecoin', 'bitcoin-cash',
       'sirin-labs-token', 'neo', 'ren', 'mithril', 'factom', 'stellar',
       'cortex', 'primas', 'nexus'],
      dtype='object')"
20181217,"Index(['ormeus-coin', 'agrello-delta', 'ruff', 'kcash', 'ignis', 'ardor',
       'vibe', 'bibox-token', 'snetwork', 'pchain', 'nexus', 'bnktothefuture',
       'neblio', 'educare', 'travala', 'stakenet', 'quantstamp', 'atn',
       'mixin', 'thorecoin', 'dynamic-trading-rights'],
      dtype='object')","Index(['singularitynet', 'komodo', 'qash', 'time-new-bank', 'red-pulse', 'zip',
       'stasis-euro', 'safeinsure', 'cvcoin', 'nano', 'bottos', 'steem',
       'singulardtv', 'ark', 'enigma', 'rlc', 'constellation', 'seele',
       'all-sports', 'suncontract'],
      dtype='object')","Index(['vechain', 'crpt', 'fantom', 'odem', 'power-ledger', 'cryptonex',
       'high-performance-blockchain', 'fusion', 'qlink', 'metronome',
       'kyber-network', 'streamr-datacoin', 'maker', 'cortex', 'pundi-x',
       'matrix-ai-network', 'wings', 'nebulas-token', 'ripio-credit-network',
       'populous', 'nkn'],
      dtype='object')","Index(['polymath-network', 'nexo', 'stratis', 'wax', 'nem', 'adx-net',
       'credits', 'monero', 'loom-network', 'cardano', 'ravencoin', '0x',
       'nuls', 'howdoo', 'gifto', 'crypto-com', 'loopring', 'smartshare',
       'insight-chain', 'sirin-labs-token'],
      dtype='object')","Index(['eos', 'bitcoin-sv', 'waves', 'bitcoin', 'litecoin', 'ethereum', 'dash',
       'bitcoin-cash', 'zcash', 'factom', 'ren', 'truechain', 'syscoin', 'neo',
       'stellar', 'iota', 'primas', 'mithril', 'district0x', 'ontology'],
      dtype='object')"
20181223,"Index(['stakenet', 'neblio', 'seele', 'kcash', 'loopring', 'pchain',
       'suncontract', 'qlink', 'bnktothefuture', 'constellation', 'ignis',
       'nexus', 'snetwork', 'ripio-credit-network', 'travala', 'quantstamp',
       'agrello-delta', 'atn', 'mixin', 'thorecoin', 'dynamic-trading-rights'],
      dtype='object')","Index(['bibox-token', 'cortex', 'nkn', 'singularitynet', 'nebulas-token',
       'stasis-euro', 'wings', 'power-ledger', 'cvcoin', 'red-pulse', 'nano',
       'enigma', 'time-new-bank', 'singulardtv', 'bottos', 'educare',
       'ormeus-coin', 'vibe', 'rlc', 'ark'],
      dtype='object')","Index(['zip', 'all-sports', 'ruff', 'sirin-labs-token', 'ravencoin', 'fusion',
       'streamr-datacoin', 'high-performance-blockchain', 'nexo', 'fantom',
       'gifto', 'maker', 'metronome', 'matrix-ai-network', 'populous',
       'komodo', 'cryptonex', 'pundi-x', 'crpt', 'safeinsure', 'smartshare'],
      dtype='object')","Index(['truechain', 'wax', 'ren', 'polymath-network', 'credits', 'nem',
       'monero', 'steem', 'kyber-network', '0x', 'insight-chain', 'adx-net',
       'vechain', 'howdoo', 'qash', 'district0x', 'ardor', 'nuls',
       'crypto-com', 'loom-network'],
      dtype='object')","Index(['bitcoin-cash', 'eos', 'waves', 'bitcoin', 'bitcoin-sv', 'dash',
       'ethereum', 'litecoin', 'stratis', 'ontology', 'syscoin', 'odem',
       'iota', 'zcash', 'mithril', 'stellar', 'neo', 'primas', 'factom',
       'cardano'],
      dtype='object')"
